EmployeeID,JobRole,Department,Age,YearsExperience,SalaryBeforeTraining,SalaryAfterTraining,NumberOfProjects,PerformanceScore,TrainingHours,EducationLevel,RemoteWork,SatisfactionLevel,Certification,Gender,DepartmentSize
1,Developer,IT,27,4.2,46241.46,51625.56,1,2.29,5.22,High School,Yes,Medium,Yes,Female,Small
2,Analyst,HR,26,3.2,81406.22,85787.99,2,1.74,16.09,Master's,Yes,Low,No,Male,Medium
3,Manager,HR,29,5.4,81787.0,87054.08,2,2.78,9.31,Bachelor's,No,Medium,Yes,Male,Medium
4,Tester,Finance,25,13.8,76381.86,81076.92,2,2.69,21.67,Master's,No,Medium,No,Male,Large
5,Developer,Finance,27,6.6,55495.36,61911.58,2,5.0,3.04,Bachelor's,No,Medium,Yes,Male,Small
6,Developer,Operations,24,1.2,69284.33,76197.73,2,3.43,16.92,Bachelor's,Yes,Medium,Yes,Female,Large
7,Developer,HR,40,0.2,69945.96,73373.98,6,1.62,4.1,Master's,Yes,Medium,No,Female,Large
8,Manager,IT,30,1.5,52624.53,54962.06,1,2.44,6.53,Bachelor's,No,Low,Yes,Male,Small
9,Tester,Finance,27,4.5,92550.97,93878.56,2,4.02,4.94,Master's,Yes,Medium,No,Male,Medium
10,Manager,IT,31,0.3,83160.43,89176.41,2,5.0,4.04,Bachelor's,No,Medium,No,Male,Large
11,Developer,HR,29,3.4,66685.54,69478.81,2,1.41,34.94,Bachelor's,No,High,Yes,Male,Large
12,Analyst,IT,29,4.5,70403.29,71097.51,5,1.12,6.73,Bachelor's,No,Low,No,Male,Medium
13,Manager,IT,33,2.0,73125.74,78902.9,3,4.87,52.38,Bachelor's,Yes,Medium,Yes,Female,Medium
14,Developer,Operations,34,7.4,39373.98,49359.98,1,3.39,70.08,Bachelor's,Yes,High,No,Other,Medium
15,Developer,Operations,27,0.6,66292.34,71280.2,3,2.13,16.94,High School,Yes,Low,Yes,Other,Medium
16,Developer,Finance,27,0.4,59770.24,66447.22,5,3.53,3.09,Bachelor's,No,Medium,No,Female,Small
17,Developer,HR,29,6.5,54975.7,60139.36,4,1.0,9.39,High School,No,Low,Yes,Female,Medium
18,Tester,IT,18,3.4,65783.5,70585.72,4,3.0,31.96,PhD,Yes,Medium,No,Female,Small
19,Tester,IT,22,5.8,96965.3,103803.45,5,3.33,9.16,PhD,No,Medium,No,Male,Small
20,Developer,IT,37,2.9,79612.64,84032.09,2,3.92,1.82,Bachelor's,No,Medium,No,Female,Medium
21,Tester,HR,38,1.4,61432.32,66967.1,3,1.99,16.27,Master's,Yes,Medium,No,Female,Medium
22,Developer,Finance,29,8.5,78588.74,84232.14,2,3.09,37.3,Bachelor's,No,High,No,Female,Medium
23,Developer,Finance,33,8.0,90990.33,94654.15,8,2.07,31.79,Bachelor's,No,Low,No,Female,Medium
24,Developer,IT,32,5.9,83869.51,90853.59,3,3.26,3.85,Master's,Yes,Low,Yes,Male,Medium
25,Tester,Operations,45,1.6,70894.46,75544.54,4,2.1,22.34,Master's,No,High,Yes,Male,Small
26,Manager,Finance,36,4.5,60295.95,63784.46,5,2.59,4.98,Bachelor's,No,Medium,Yes,Other,Medium
27,Developer,HR,29,2.2,80473.35,86546.37,4,2.0,4.92,Master's,No,High,Yes,Male,Large
28,Tester,Finance,25,0.5,75902.28,79105.34,3,3.65,41.44,Bachelor's,No,Medium,Yes,Female,Medium
29,Tester,HR,22,12.5,83427.9,88484.26,3,3.86,5.74,PhD,No,High,No,Other,Medium
30,Developer,IT,31,0.7,79527.58,84509.34,1,2.77,6.11,High School,No,Medium,Yes,Female,Medium
31,Tester,IT,26,15.0,85743.29,92915.08,4,3.04,0.01,Bachelor's,No,High,No,Female,Large
32,Developer,Finance,23,3.0,61971.47,67920.87,4,1.55,40.91,Bachelor's,No,High,Yes,Male,Small
33,Developer,IT,27,1.0,89760.91,94710.86,3,2.7,31.46,Bachelor's,No,Medium,Yes,Male,Medium
34,Analyst,IT,25,3.9,72963.99,79599.52,2,2.95,19.74,High School,Yes,Low,No,Female,Medium
35,Analyst,IT,38,10.3,101128.91,108909.33,5,5.0,27.75,Master's,No,Medium,No,Female,Medium
36,Manager,IT,34,6.6,59662.18,65777.8,1,1.89,3.3,High School,No,Low,No,Female,Small
37,Developer,Operations,30,8.2,96039.46,101060.17,7,4.46,12.26,Bachelor's,No,Medium,No,Male,Medium
38,Developer,Finance,37,5.4,72968.66,75344.99,3,4.0,8.65,Bachelor's,No,Medium,Yes,Male,Small
39,Tester,HR,30,5.9,60228.73,63098.5,4,3.28,1.97,Bachelor's,Yes,Medium,No,Other,Medium
40,Tester,IT,26,9.5,62741.71,67131.26,2,4.76,13.32,Bachelor's,No,Medium,Yes,Male,Medium
41,Developer,HR,38,1.4,65194.79,68975.77,0,3.37,50.7,Bachelor's,Yes,Medium,Yes,Female,Small
42,Tester,HR,33,3.4,76362.49,80988.55,4,3.39,0.82,High School,No,Medium,No,Male,Large
43,Developer,IT,25,1.3,77842.53,82955.83,3,2.95,6.89,High School,No,Low,Yes,Female,Small
44,Analyst,HR,29,22.0,61394.5,67453.89,4,4.22,4.65,Bachelor's,No,Low,Yes,Other,Large
45,Developer,IT,26,14.4,69634.68,74493.68,3,4.1,5.44,Master's,No,Low,No,Female,Medium
46,Tester,Finance,23,0.2,102134.06,108107.06,1,2.37,47.81,Master's,No,Medium,No,Male,Small
47,Developer,Finance,35,6.1,95913.15,101042.1,0,1.68,12.62,High School,No,Medium,Yes,Female,Small
48,Tester,IT,40,13.0,76544.86,77593.93,3,2.8,12.56,Bachelor's,No,Medium,Yes,Female,Large
49,Tester,IT,23,1.0,70570.05,73691.38,2,2.2,28.59,High School,No,Medium,Yes,Male,Small
50,Developer,Finance,33,4.2,71800.47,76512.29,6,2.94,3.36,High School,No,High,Yes,Female,Small
51,Analyst,HR,27,12.4,79202.77,81783.38,2,4.24,13.36,Bachelor's,Yes,Low,No,Female,Medium
52,Manager,Operations,28,0.2,54658.11,60857.97,4,2.54,11.24,Bachelor's,Yes,Medium,Yes,Female,Medium
53,Analyst,Finance,27,6.0,66139.35,74200.85,3,2.96,18.17,High School,No,Medium,No,Female,Medium
54,Manager,IT,26,1.8,44971.24,52408.76,7,3.06,154.47,Bachelor's,No,High,Yes,Male,Small
55,Tester,IT,30,12.9,75988.35,80561.46,5,3.85,29.35,High School,No,High,No,Male,Small
56,Analyst,Finance,26,17.7,79707.94,87689.39,4,1.0,10.15,Master's,Yes,Low,Yes,Male,Small
57,Developer,IT,31,14.4,62752.2,68049.53,1,2.39,35.15,PhD,No,Low,No,Other,Small
58,Developer,HR,30,3.2,93609.8,97935.63,6,3.21,3.74,High School,No,High,Yes,Female,Medium
59,Developer,Operations,29,9.9,51613.52,55386.71,1,4.2,0.62,Bachelor's,Yes,Medium,No,Female,Medium
60,Developer,HR,25,9.3,48034.38,52429.44,2,2.51,4.57,Master's,No,Medium,Yes,Male,Small
61,Developer,IT,27,1.9,73366.78,77590.43,1,1.12,8.32,Master's,No,Medium,Yes,Male,Medium
62,Developer,Finance,34,8.8,85706.47,91047.3,3,3.62,14.29,Bachelor's,No,Medium,No,Female,Medium
63,Manager,HR,33,0.2,95258.92,100580.07,2,2.36,19.1,High School,No,High,No,Female,Large
64,Developer,HR,25,4.5,63116.74,68122.83,1,1.81,48.29,High School,No,High,No,Male,Large
65,Developer,Operations,30,1.3,86180.21,92054.09,0,2.38,14.26,Bachelor's,Yes,High,No,Female,Large
66,Tester,IT,34,0.6,69422.37,76803.66,1,2.82,13.91,Bachelor's,No,Medium,No,Male,Small
67,Developer,Operations,22,0.4,67410.59,74309.7,1,2.4,1.03,High School,No,High,Yes,Male,Small
68,Manager,Operations,33,6.0,83254.9,85285.1,5,1.0,0.71,Bachelor's,No,Low,Yes,Female,Medium
69,Developer,IT,27,2.1,79784.84,79784.84,2,3.9,16.02,High School,No,Medium,Yes,Male,Small
70,Analyst,IT,33,6.5,46354.12,53222.76,6,4.27,11.53,Master's,No,High,No,Other,Medium
71,Manager,IT,26,0.3,92148.11,94414.35,2,3.65,36.55,Bachelor's,No,Medium,Yes,Male,Medium
72,Developer,IT,21,1.9,90701.37,95251.84,5,1.86,3.5,High School,Yes,Medium,Yes,Male,Large
73,Developer,IT,22,3.9,60616.56,63276.33,2,2.8,0.51,Bachelor's,No,Low,No,Male,Large
74,Manager,Finance,30,7.8,75937.05,77333.09,1,2.99,11.92,Bachelor's,No,High,No,Female,Medium
75,Manager,IT,31,1.9,77410.45,83493.38,1,3.6,5.42,PhD,No,Medium,Yes,Male,Medium
76,Manager,IT,25,4.9,73910.11,80428.42,2,3.67,1.02,Bachelor's,No,Medium,Yes,Female,Medium
77,Manager,Operations,33,10.9,61745.42,65592.4,3,2.27,25.79,Bachelor's,Yes,Medium,Yes,Male,Small
78,Developer,IT,22,4.8,59925.65,59925.65,2,3.08,2.37,Master's,No,High,Yes,Male,Medium
79,Developer,Operations,30,1.3,69616.69,73524.2,1,3.46,18.75,Bachelor's,No,High,Yes,Male,Small
80,Developer,IT,24,0.1,87590.94,93374.55,5,4.46,6.6,Master's,No,Medium,No,Female,Medium
81,Manager,IT,27,10.2,78154.0,80196.18,5,3.7,3.81,Bachelor's,No,Medium,No,Female,Medium
82,Tester,Finance,30,0.1,64440.79,69807.51,2,3.79,9.55,Bachelor's,No,Medium,No,Male,Medium
83,Developer,Finance,26,10.4,81575.48,86544.86,1,3.08,32.33,High School,Yes,High,Yes,Female,Medium
84,Developer,Operations,28,3.8,30000.0,36158.58,3,4.41,9.95,Bachelor's,No,Medium,No,Other,Medium
85,Developer,Finance,35,14.0,87231.49,92470.65,0,3.41,27.79,Master's,Yes,High,Yes,Male,Large
86,Developer,Operations,27,8.0,43904.29,46958.15,2,2.14,2.68,Master's,No,Medium,No,Female,Small
87,Manager,IT,34,30.9,64563.39,71956.53,6,4.4,29.64,Bachelor's,Yes,High,No,Male,Medium
88,Tester,IT,24,2.2,53204.95,57887.89,7,3.7,5.41,Bachelor's,Yes,High,Yes,Other,Medium
89,Manager,Finance,33,7.3,50579.78,55525.17,3,2.56,22.63,Master's,No,Medium,Yes,Female,Medium
90,Tester,Operations,37,2.6,87412.4,90545.86,3,2.52,16.68,Master's,No,High,No,Other,Large
91,Developer,Operations,18,3.3,62984.48,67097.92,3,3.3,52.94,High School,No,Medium,Yes,Female,Small
92,Manager,HR,26,4.9,75197.56,78427.95,1,3.46,9.8,Bachelor's,No,Low,No,Male,Medium
93,Manager,IT,33,10.3,69296.19,73950.3,3,3.2,1.37,Bachelor's,No,Medium,Yes,Other,Medium
94,Tester,Finance,29,20.7,77155.61,85579.03,4,3.31,0.39,Master's,No,High,No,Male,Large
95,Manager,IT,32,7.3,71152.33,73408.53,4,4.7,35.07,High School,No,Medium,Yes,Male,Small
96,Tester,Operations,27,2.7,50755.12,52528.0,1,4.07,14.88,Bachelor's,Yes,Medium,Yes,Female,Medium
97,Tester,Operations,30,2.7,84944.0,92886.34,3,3.19,29.85,Master's,No,Medium,No,Female,Medium
98,Tester,HR,29,6.7,62593.65,67175.0,0,3.94,5.34,High School,No,Medium,Yes,Other,Small
99,Developer,Finance,36,1.4,46651.27,50313.12,2,1.97,8.46,Bachelor's,No,Medium,Yes,Male,Medium
100,Developer,Finance,31,0.6,63578.27,70658.08,4,3.4,0.61,Bachelor's,Yes,Medium,Yes,Female,Medium
101,Developer,IT,32,2.2,92511.4,96300.17,6,4.81,65.14,Bachelor's,Yes,High,Yes,Female,Medium
102,Tester,Operations,28,1.7,82753.33,91405.35,3,2.78,22.04,Bachelor's,Yes,Medium,Yes,Male,Large
103,Developer,HR,28,1.8,64770.22,71126.07,2,2.15,54.12,Bachelor's,No,Medium,Yes,Male,Medium
104,Tester,Operations,28,1.3,64761.13,68785.31,4,2.35,6.17,High School,No,Medium,No,Male,Medium
105,Analyst,IT,32,0.2,65175.47,74490.09,2,1.91,18.91,Bachelor's,Yes,Low,Yes,Male,Medium
106,Developer,Operations,28,0.1,101151.22,104939.79,4,2.22,22.7,Master's,No,High,No,Other,Small
107,Tester,IT,31,22.0,75729.03,82213.22,2,2.63,7.64,Master's,No,High,Yes,Female,Small
108,Manager,IT,40,2.8,76450.62,82049.21,6,1.59,37.69,High School,No,Medium,Yes,Female,Medium
109,Developer,Operations,34,2.4,85454.25,93057.73,2,3.02,58.81,High School,No,High,No,Other,Medium
110,Developer,IT,28,5.7,73581.84,81704.86,0,3.9,43.23,Bachelor's,Yes,High,Yes,Male,Small
111,Developer,IT,36,1.2,66114.37,71178.38,5,2.09,26.87,Bachelor's,No,High,No,Female,Medium
112,Developer,Operations,28,15.0,67054.75,70547.91,3,4.52,6.5,Bachelor's,No,Low,Yes,Male,Medium
113,Analyst,Operations,20,7.7,68925.98,74845.92,2,3.51,6.62,Bachelor's,No,High,No,Female,Small
114,Manager,HR,25,0.5,69441.67,73086.24,5,4.03,66.13,High School,No,Medium,No,Male,Medium
115,Tester,Finance,21,2.7,80914.44,89941.21,4,2.34,0.21,High School,Yes,Medium,No,Other,Small
116,Manager,HR,28,10.6,70779.19,76052.26,4,3.85,25.18,Bachelor's,No,Low,No,Male,Large
117,Manager,IT,30,14.5,80989.6,85258.96,7,1.91,24.5,Bachelor's,Yes,Medium,No,Male,Large
118,Developer,IT,38,3.1,68789.25,74158.61,2,3.89,19.49,High School,No,Low,Yes,Female,Medium
119,Manager,Finance,32,4.8,71179.53,73485.28,2,3.17,92.32,Bachelor's,No,Medium,Yes,Male,Small
120,Tester,Finance,29,0.9,40026.99,43083.76,5,3.55,7.48,Bachelor's,Yes,Medium,No,Female,Medium
121,Manager,Finance,34,23.6,83744.92,91145.75,4,1.82,8.31,Master's,No,High,Yes,Male,Large
122,Manager,Finance,19,1.3,75197.33,78883.54,3,2.1,1.64,Master's,Yes,High,Yes,Female,Medium
123,Developer,IT,31,14.3,84970.15,87876.33,2,3.6,11.7,Bachelor's,No,Medium,No,Male,Small
124,Developer,HR,34,5.2,30000.0,36073.31,4,2.05,6.05,Bachelor's,No,High,Yes,Male,Medium
125,Developer,IT,23,4.7,101325.62,108697.03,4,3.46,8.41,Bachelor's,No,High,No,Male,Large
126,Tester,HR,36,3.6,67906.16,74344.07,5,1.63,35.98,Bachelor's,No,High,No,Female,Medium
127,Manager,HR,32,1.3,86622.74,93614.84,1,3.85,54.82,Bachelor's,No,Low,No,Male,Medium
128,Manager,Operations,28,1.0,54401.41,57887.82,2,1.77,4.11,Master's,No,Medium,No,Male,Medium
129,Developer,IT,33,1.2,79191.61,81347.99,1,3.55,9.32,Bachelor's,No,High,Yes,Male,Medium
130,Tester,IT,41,1.0,54198.77,62201.44,4,3.63,52.8,Master's,No,Medium,Yes,Male,Small
131,Tester,IT,31,7.6,60643.47,64998.11,1,2.3,1.28,Bachelor's,Yes,Medium,No,Female,Medium
132,Developer,Finance,31,2.2,98710.47,103208.8,3,3.58,1.94,High School,No,Medium,Yes,Female,Small
133,Developer,Finance,28,0.3,67139.76,74796.15,1,3.26,3.55,Master's,Yes,Medium,No,Male,Medium
134,Developer,IT,26,17.4,73261.49,79373.95,2,2.46,18.09,Bachelor's,No,Medium,No,Female,Small
135,Analyst,IT,34,10.8,83051.02,88962.8,5,1.99,3.26,Bachelor's,Yes,Low,No,Female,Medium
136,Developer,Finance,26,13.1,77435.23,86765.23,4,1.04,68.89,Bachelor's,Yes,Medium,Yes,Male,Small
137,Tester,IT,30,26.4,72256.28,75969.24,3,3.35,11.84,High School,No,High,No,Female,Medium
138,Manager,Operations,28,1.0,75474.42,82330.1,3,1.44,13.92,PhD,No,High,No,Male,Medium
139,Developer,Finance,32,2.5,106051.23,111165.26,5,3.1,5.66,High School,No,Low,No,Female,Small
140,Analyst,IT,32,7.1,69135.72,74672.9,3,2.74,12.73,PhD,Yes,High,Yes,Male,Small
141,Analyst,IT,35,6.0,73016.49,81073.43,2,3.68,21.69,PhD,No,Medium,No,Female,Small
142,Developer,Operations,27,0.8,85759.82,91775.49,1,2.7,27.82,Master's,No,Medium,No,Female,Large
143,Tester,IT,29,8.5,86582.89,92659.48,2,2.67,28.04,Bachelor's,No,High,No,Male,Medium
144,Developer,IT,25,1.3,87805.45,94950.46,1,3.73,17.25,Bachelor's,Yes,High,No,Male,Medium
145,Developer,Operations,28,1.3,79580.95,83851.04,2,3.34,46.94,Master's,No,High,Yes,Other,Small
146,Developer,Operations,32,3.8,52854.93,56176.51,1,3.32,34.01,Bachelor's,Yes,Medium,No,Male,Medium
147,Tester,Operations,34,4.5,94501.47,97411.85,3,3.47,28.3,Bachelor's,No,High,No,Female,Large
148,Tester,Finance,25,4.3,52804.82,53872.11,3,1.46,1.14,Bachelor's,No,Low,Yes,Other,Large
149,Developer,IT,34,0.5,74539.53,83651.94,6,3.76,0.14,Bachelor's,No,High,No,Female,Medium
150,Developer,IT,37,10.5,58685.86,61479.44,5,3.61,4.78,Bachelor's,No,High,No,Female,Small
151,Analyst,Finance,32,1.5,69037.92,73595.41,6,1.98,21.78,Bachelor's,No,Medium,No,Female,Small
152,Developer,HR,39,0.7,74931.44,79377.81,1,2.76,10.59,Bachelor's,No,Medium,No,Female,Small
153,Developer,HR,26,11.0,74820.36,80435.17,2,2.96,10.3,Master's,No,High,No,Female,Small
154,Tester,Operations,24,15.6,76328.81,82960.28,4,2.87,43.18,Bachelor's,No,Low,No,Female,Small
155,Analyst,IT,21,9.9,94205.67,100926.62,2,3.33,45.18,Master's,No,Low,Yes,Male,Small
156,Developer,HR,37,8.3,76803.01,80636.86,1,4.43,47.98,Bachelor's,No,High,Yes,Other,Medium
157,Tester,IT,33,5.3,66337.65,71003.41,4,4.08,7.53,Master's,No,Medium,No,Female,Large
158,Manager,HR,30,4.0,84461.31,90026.47,4,1.69,23.49,Bachelor's,No,High,No,Male,Medium
159,Developer,IT,31,0.5,87842.06,92344.68,1,3.62,6.34,Master's,No,Medium,No,Female,Large
160,Manager,IT,24,2.6,51585.88,59800.57,4,4.33,4.23,High School,No,Low,No,Female,Medium
161,Developer,IT,42,2.3,78961.0,84942.95,3,3.39,4.08,Master's,Yes,High,Yes,Male,Small
162,Tester,Finance,31,1.5,80517.59,86987.35,1,4.09,8.37,High School,No,Medium,No,Female,Medium
163,Tester,Finance,31,6.4,65536.55,71862.31,2,5.0,11.24,Master's,No,Low,Yes,Male,Small
164,Tester,HR,34,3.4,90635.6,97982.55,1,4.02,35.55,PhD,Yes,High,No,Female,Medium
165,Developer,Operations,32,0.4,67749.17,73111.21,2,3.25,2.55,Bachelor's,Yes,Medium,No,Male,Medium
166,Manager,IT,31,1.2,71883.65,74289.99,2,4.05,26.55,Bachelor's,No,Medium,Yes,Female,Large
167,Developer,IT,26,5.7,67403.92,73203.3,3,3.14,15.16,Master's,No,Medium,Yes,Female,Small
168,Developer,Operations,32,0.4,70233.69,73930.98,4,3.02,6.79,Bachelor's,No,High,No,Male,Small
169,Developer,IT,39,9.5,53555.87,57498.64,4,2.65,13.58,Master's,Yes,High,No,Other,Large
170,Tester,Operations,37,3.4,48399.24,54571.97,0,4.56,7.13,High School,No,High,Yes,Female,Small
171,Tester,IT,38,3.3,93917.58,101394.15,3,2.18,18.13,High School,Yes,Low,No,Male,Medium
172,Developer,Operations,27,4.5,57295.58,62338.12,0,4.53,11.38,PhD,No,High,No,Female,Medium
173,Tester,IT,25,8.7,55129.11,60746.78,3,3.5,3.59,Bachelor's,Yes,Medium,No,Female,Large
174,Developer,Operations,29,2.1,37699.15,46103.58,1,1.6,2.48,Master's,Yes,Medium,No,Male,Large
175,Tester,HR,30,5.7,60415.57,65897.08,4,3.37,15.82,Bachelor's,Yes,Medium,No,Male,Large
176,Developer,Operations,35,4.2,50153.65,60357.02,5,1.0,46.54,Bachelor's,No,High,No,Male,Small
177,Tester,IT,22,1.6,94630.23,100761.25,1,3.63,8.43,Bachelor's,Yes,High,No,Male,Large
178,Developer,HR,38,10.5,85147.26,86625.73,3,3.89,26.41,Bachelor's,No,Low,No,Female,Medium
179,Analyst,Operations,29,8.0,59677.74,66184.42,3,2.41,21.5,Bachelor's,No,Medium,Yes,Female,Medium
180,Developer,HR,28,5.4,103786.54,109548.86,3,3.12,53.63,Bachelor's,No,High,No,Male,Small
181,Developer,Finance,25,9.5,84726.48,92305.99,2,4.95,34.41,Bachelor's,No,Low,Yes,Male,Medium
182,Developer,Finance,22,10.1,65127.53,71473.89,3,2.49,16.72,Bachelor's,No,High,Yes,Male,Large
183,Analyst,HR,34,6.2,32508.91,37232.0,3,1.94,21.4,Master's,Yes,Medium,Yes,Other,Large
184,Manager,Finance,30,9.1,104364.14,106915.54,4,4.48,45.73,Bachelor's,No,Medium,Yes,Male,Medium
185,Developer,HR,24,6.0,49156.41,53738.36,3,4.96,10.2,Bachelor's,Yes,Medium,No,Other,Small
186,Tester,Operations,24,5.7,45319.02,48617.98,1,3.0,7.91,Bachelor's,Yes,Medium,Yes,Female,Medium
187,Manager,IT,28,4.8,85338.56,89177.51,2,4.01,0.22,Bachelor's,No,High,No,Male,Large
188,Tester,IT,38,7.0,106596.29,112773.45,4,4.34,35.04,Master's,No,Medium,No,Female,Medium
189,Tester,Operations,29,0.9,90764.09,99103.9,1,2.26,32.29,Bachelor's,No,High,No,Female,Medium
190,Developer,Operations,22,10.6,78458.64,84247.98,4,2.51,2.21,High School,No,Medium,Yes,Female,Small
191,Developer,HR,29,10.3,78921.32,81529.55,2,4.23,17.2,High School,No,Low,No,Other,Medium
192,Manager,Finance,29,0.1,82801.23,88690.44,1,4.69,12.47,Bachelor's,Yes,Low,No,Male,Medium
193,Analyst,IT,17,8.7,81383.93,88777.19,5,3.56,2.53,Master's,Yes,Medium,No,Male,Large
194,Tester,IT,30,0.7,74217.87,77998.3,6,2.12,78.82,High School,Yes,High,No,Female,Medium
195,Developer,HR,29,2.0,71563.02,76294.99,1,4.99,4.83,Master's,Yes,Medium,No,Male,Medium
196,Developer,IT,33,6.8,69061.1,74090.48,7,2.47,1.39,Bachelor's,No,Medium,No,Male,Medium
197,Manager,HR,39,0.9,58690.53,62120.73,4,2.66,18.07,Bachelor's,No,Medium,Yes,Male,Small
198,Manager,IT,36,8.5,65789.87,72086.43,3,3.34,26.85,Master's,Yes,Medium,No,Male,Large
199,Manager,Operations,29,8.9,44605.65,49363.75,3,4.55,0.66,Bachelor's,No,Medium,Yes,Female,Medium
200,Manager,Operations,24,3.5,68524.91,74363.97,0,3.85,21.5,Bachelor's,No,High,No,Male,Medium
201,Tester,Finance,43,0.0,55171.13,58396.15,3,3.41,15.2,High School,Yes,Medium,Yes,Female,Medium
202,Developer,HR,30,1.7,53446.16,57571.24,3,3.46,2.18,High School,Yes,Medium,Yes,Female,Medium
203,Developer,IT,30,4.8,72698.41,79143.17,1,3.04,3.79,Bachelor's,Yes,Low,No,Male,Medium
204,Manager,Operations,30,19.9,90880.03,95134.36,0,3.56,16.79,High School,Yes,High,No,Male,Medium
205,Tester,Finance,31,5.0,83774.75,92228.68,2,1.0,7.03,Bachelor's,Yes,Medium,Yes,Female,Small
206,Developer,IT,29,1.5,46442.49,50643.22,4,2.7,55.71,Bachelor's,No,Low,No,Male,Medium
207,Developer,Operations,27,5.0,55155.58,60604.95,6,3.24,34.16,Bachelor's,Yes,Medium,No,Female,Small
208,Tester,Operations,27,3.9,84111.57,90976.75,3,1.85,82.17,High School,No,Medium,Yes,Female,Medium
209,Developer,Operations,30,7.6,55262.69,57425.96,3,3.39,6.01,Bachelor's,No,Medium,No,Male,Small
210,Developer,Finance,27,0.6,66630.5,68108.88,2,2.8,69.95,Bachelor's,No,Medium,Yes,Female,Medium
211,Tester,Finance,26,7.2,78250.78,80199.47,1,4.76,11.29,PhD,No,High,No,Female,Large
212,Tester,HR,31,3.9,55474.83,63000.0,0,4.57,8.54,High School,Yes,Low,No,Male,Large
213,Tester,Operations,29,16.5,71580.63,75476.91,2,2.53,1.03,Master's,No,High,Yes,Female,Medium
214,Developer,Operations,38,2.1,49989.62,60106.02,6,2.85,1.08,Bachelor's,No,Medium,No,Female,Medium
215,Manager,IT,17,5.0,60979.49,64850.99,6,2.93,23.55,Bachelor's,Yes,Medium,Yes,Male,Small
216,Developer,IT,35,13.4,74796.73,80165.83,3,2.55,12.25,Bachelor's,Yes,Medium,No,Female,Medium
217,Developer,IT,36,0.5,46105.09,54189.31,3,3.2,5.14,High School,No,Medium,No,Other,Large
218,Manager,Operations,20,13.8,76607.12,85619.31,2,2.24,19.04,High School,No,High,No,Other,Small
219,Tester,Operations,28,5.8,69705.43,78828.44,5,1.87,5.83,Bachelor's,No,Medium,Yes,Female,Medium
220,Manager,IT,28,0.4,78287.35,85704.08,3,3.62,17.24,Bachelor's,No,Medium,Yes,Female,Large
221,Tester,HR,23,1.8,73358.71,80406.84,2,3.63,8.9,Master's,No,Medium,Yes,Male,Large
222,Tester,IT,26,6.2,90462.11,96647.16,2,2.2,34.69,Bachelor's,Yes,High,Yes,Other,Small
223,Developer,Operations,24,0.3,71878.37,78435.09,2,3.9,34.37,High School,No,Medium,No,Male,Medium
224,Developer,Operations,39,4.4,63558.92,67456.55,3,2.37,12.98,Master's,Yes,High,No,Female,Small
225,Developer,Operations,35,2.1,71834.46,75198.06,1,3.25,8.64,Bachelor's,Yes,Medium,No,Male,Small
226,Developer,HR,36,4.8,78149.47,83142.72,6,3.82,9.01,Bachelor's,No,Low,No,Male,Large
227,Analyst,HR,34,0.2,70732.9,75392.53,4,2.97,32.77,Bachelor's,No,Medium,No,Male,Large
228,Developer,IT,24,10.3,70608.88,74702.42,6,3.45,7.96,Master's,No,Medium,No,Other,Medium
229,Manager,IT,27,18.2,59470.12,65862.89,2,2.48,4.69,Master's,No,Medium,No,Male,Small
230,Tester,Operations,32,17.3,60056.49,66967.1,5,2.8,1.77,Bachelor's,No,Low,No,Female,Large
231,Manager,Operations,24,6.9,48960.92,54137.73,2,2.79,12.57,Bachelor's,Yes,High,Yes,Male,Medium
232,Tester,Operations,34,0.7,96243.65,104198.71,3,2.25,13.16,Master's,Yes,High,Yes,Male,Medium
233,Tester,Operations,29,7.1,51342.05,54058.67,6,2.82,36.77,Bachelor's,Yes,High,No,Male,Medium
234,Tester,HR,28,0.1,59606.42,64219.1,6,1.45,5.0,High School,No,Low,Yes,Female,Small
235,Developer,Finance,34,0.1,59223.89,62790.25,5,2.51,9.59,Bachelor's,No,Low,Yes,Male,Medium
236,Manager,Operations,32,2.0,83423.87,84690.8,4,2.72,33.05,Bachelor's,No,Low,No,Male,Medium
237,Developer,Operations,28,3.4,65575.75,70410.39,3,2.74,34.7,Bachelor's,No,High,No,Male,Small
238,Developer,IT,36,7.4,88716.13,93472.63,1,2.76,9.71,Bachelor's,No,High,No,Male,Small
239,Tester,HR,25,5.7,59897.64,67924.54,4,2.94,12.29,Bachelor's,Yes,Medium,Yes,Other,Small
240,Developer,IT,33,3.0,74184.91,80446.53,3,3.48,7.23,High School,Yes,Low,Yes,Other,Small
241,Analyst,Operations,33,1.6,57469.79,60421.42,4,3.87,53.93,Master's,No,Medium,No,Male,Medium
242,Analyst,Finance,28,29.3,102177.24,110885.43,2,2.35,2.53,Bachelor's,No,Medium,No,Female,Large
243,Analyst,IT,32,2.8,52186.02,59628.09,2,1.8,54.29,Bachelor's,No,Medium,No,Other,Small
244,Developer,Finance,24,3.0,74647.31,80811.51,4,1.96,23.03,Bachelor's,Yes,Medium,No,Male,Small
245,Developer,Finance,35,0.9,79506.65,84053.68,4,2.51,15.17,Bachelor's,No,High,No,Female,Medium
246,Analyst,IT,29,7.9,76206.99,79288.11,1,2.65,0.66,High School,No,Low,No,Other,Large
247,Tester,IT,27,5.9,67220.69,71476.28,2,2.23,12.91,High School,Yes,Low,Yes,Male,Medium
248,Analyst,Finance,35,1.2,68052.69,75230.19,4,1.7,10.48,Master's,No,High,No,Male,Medium
249,Analyst,HR,26,0.4,70657.17,79426.34,2,2.54,3.52,Master's,No,Medium,No,Other,Medium
250,Manager,Finance,23,5.7,67794.97,75881.46,3,3.18,21.37,Bachelor's,No,Low,No,Female,Small
251,Developer,HR,22,5.3,84458.19,88480.49,5,3.6,70.91,High School,Yes,Low,No,Male,Small
252,Developer,Operations,33,1.6,103157.85,105918.62,2,2.44,16.52,Bachelor's,No,Low,No,Male,Medium
253,Manager,HR,24,15.1,61637.62,66919.39,2,2.59,25.09,Master's,No,Medium,Yes,Male,Medium
254,Developer,HR,39,0.8,49452.96,50916.08,2,2.07,1.42,Master's,No,High,No,Female,Medium
255,Developer,Operations,20,2.8,68675.77,74322.11,2,2.97,10.81,High School,No,Medium,Yes,Female,Medium
256,Tester,HR,38,14.4,108695.64,113400.43,4,2.15,2.47,High School,No,Medium,No,Other,Medium
257,Analyst,IT,31,2.7,57944.88,62012.81,2,3.57,18.98,Master's,No,Medium,Yes,Male,Small
258,Tester,IT,30,5.1,94586.75,96397.34,2,1.21,55.77,Bachelor's,No,Medium,Yes,Female,Medium
259,Tester,Finance,27,2.5,95165.51,101192.71,3,2.64,21.68,Bachelor's,No,High,No,Female,Small
260,Developer,Finance,32,1.6,61696.18,65630.78,2,3.3,1.6,High School,Yes,High,No,Male,Small
261,Tester,Finance,30,20.7,78534.75,81194.92,2,3.18,8.76,Bachelor's,No,Low,No,Male,Medium
262,Analyst,IT,36,2.6,94425.95,94425.95,2,5.0,16.0,Master's,Yes,High,Yes,Other,Large
263,Developer,IT,31,11.2,64313.08,69258.05,5,3.35,10.32,PhD,No,Medium,No,Female,Large
264,Tester,IT,31,1.3,66946.29,75490.79,4,2.0,35.87,Bachelor's,No,High,Yes,Female,Medium
265,Manager,IT,28,1.2,61274.79,69597.31,4,2.9,33.71,Bachelor's,No,Medium,No,Female,Small
266,Manager,HR,30,0.2,54778.65,58864.46,4,1.22,18.93,High School,No,High,No,Male,Small
267,Tester,IT,32,5.3,60260.84,64056.42,4,2.92,9.35,Bachelor's,No,High,No,Female,Large
268,Manager,HR,21,2.3,51640.9,57578.45,4,2.17,5.9,Bachelor's,Yes,Medium,Yes,Female,Medium
269,Developer,Operations,23,10.0,70511.25,73514.48,0,3.92,2.24,Bachelor's,No,Medium,No,Female,Medium
270,Developer,IT,34,3.2,58450.4,64053.98,1,2.45,8.77,Bachelor's,No,High,Yes,Other,Medium
271,Manager,HR,31,17.2,73506.79,80038.95,4,2.88,10.66,Bachelor's,Yes,High,No,Female,Medium
272,Manager,Finance,29,1.0,46661.57,54115.44,1,2.36,22.53,High School,Yes,Low,Yes,Male,Large
273,Manager,IT,30,10.1,74963.2,79762.89,4,4.74,21.47,Bachelor's,No,High,No,Female,Small
274,Analyst,Finance,32,7.5,82502.93,87095.58,1,2.68,1.45,High School,No,Medium,Yes,Male,Medium
275,Tester,Operations,27,7.4,40093.97,43338.0,2,4.83,10.06,High School,No,Low,No,Male,Large
276,Tester,Operations,26,9.3,75610.85,78957.09,2,3.81,4.01,PhD,No,Medium,No,Male,Small
277,Manager,IT,31,7.2,88415.03,92962.07,1,3.48,3.41,Bachelor's,Yes,Medium,No,Male,Medium
278,Tester,Operations,25,4.9,51855.38,57590.11,4,3.37,35.12,Bachelor's,No,High,Yes,Female,Medium
279,Manager,HR,32,0.7,95088.59,101915.76,7,3.39,0.86,Master's,No,Medium,No,Female,Large
280,Manager,IT,21,0.2,76285.29,79678.93,3,1.07,10.87,PhD,No,High,No,Female,Small
281,Manager,HR,35,12.7,59424.82,67410.2,4,2.72,3.68,Bachelor's,No,Low,No,Female,Medium
282,Developer,Operations,32,4.8,69163.46,73621.21,5,3.85,42.29,Master's,No,Medium,Yes,Male,Small
283,Developer,HR,31,8.0,78374.9,83332.17,3,2.95,16.29,Bachelor's,No,Medium,No,Female,Medium
284,Developer,IT,35,3.3,71140.08,74645.66,2,1.59,5.26,Bachelor's,No,Medium,No,Male,Small
285,Tester,Finance,38,0.6,78081.34,78232.86,3,2.95,13.96,Bachelor's,Yes,Low,Yes,Male,Small
286,Developer,IT,35,0.7,56189.9,62957.99,2,4.7,26.3,Bachelor's,No,Low,Yes,Female,Medium
287,Tester,IT,21,5.8,72540.41,79014.1,2,4.25,63.46,Bachelor's,No,Medium,No,Male,Large
288,Tester,IT,24,2.8,48794.28,53231.62,4,2.94,4.98,Bachelor's,No,Medium,Yes,Male,Small
289,Developer,IT,27,1.1,68331.61,73465.59,1,3.95,43.46,High School,Yes,Medium,Yes,Female,Small
290,Tester,IT,30,3.4,56441.39,62473.27,5,2.63,54.45,Bachelor's,No,Medium,No,Female,Medium
291,Developer,IT,33,0.3,58967.05,60841.96,2,1.3,49.64,High School,Yes,High,No,Male,Medium
292,Developer,Finance,26,4.4,88541.4,92483.29,3,2.08,20.18,Bachelor's,No,High,Yes,Other,Large
293,Manager,IT,31,1.6,86369.65,92958.18,6,4.56,19.88,Bachelor's,No,Medium,No,Female,Small
294,Developer,IT,26,8.0,79137.07,81628.49,3,2.73,10.32,Master's,No,Medium,Yes,Female,Medium
295,Developer,Operations,27,1.9,53615.31,59202.43,3,2.76,27.92,Master's,Yes,Low,Yes,Male,Small
296,Tester,HR,23,3.0,65253.87,67540.71,7,2.7,15.16,Master's,No,High,Yes,Female,Small
297,Manager,Finance,25,0.1,88196.47,94129.33,3,4.9,22.63,Bachelor's,No,Low,No,Female,Medium
298,Developer,IT,23,0.4,72125.75,77054.47,1,4.63,11.19,Master's,No,Medium,Yes,Female,Medium
299,Tester,IT,25,2.5,104789.94,106559.68,0,5.0,26.3,Bachelor's,No,Medium,Yes,Female,Medium
300,Developer,IT,35,3.3,75899.77,83229.25,3,2.84,34.8,High School,No,Medium,No,Male,Medium
